Italia,
Afghanistan,
Albania,
Algeria,
Andorra,
Angola,
Anguilla,
Antartide,
Antigua e Barbuda,
Antille Olandesi,
Arabia Saudita,
Argentina,
Armenia,
Aruba,
Australia,
Austria,
Azerbaijan,
Bahamas,
Bahrain,
Bangladesh,
Barbados,
Belgio,
Belize,
Benin,
Bermuda,
Bielorussia,
Bhutan,
Bolivia,
Bosnia Erzegovina,
Botswana,
Brasile,
Brunei Darussalam,
Bulgaria,
Burkina Faso,
Burundi,
Cambogia,
Camerun,
Canada,
Capo Verde,
Ciad,
Cile,
Cina,
Cipro,
Citta del Vaticano,
Colombia,
Comore,
Corea del Nord,
Corea del Sud,
Costa Rica,
Costa d'Avorio,
Croazia,
Cuba,
Danimarca,
Dominica,
Ecuador,
Egitto,
Eire,
El Salvador,
Emirati Arabi Uniti,
Eritrea,
Estonia,
Etiopia,
Federazione Russa,
Fiji,
Filippine,
Finlandia,
Francia,
Gabon,
Gambia,
Georgia,
Germania,
Ghana,
Giamaica,
Giappone,
Gibilterra,
Gibuti,
Giordania,
Grecia,
Grenada,
Groenlandia,
Guadalupa,
Guam,
Guatemala,
Guinea,
Guinea-Bissau,
Guinea Equatoriale,
Guyana,
Guyana Francese,
Haiti,
Honduras,
Hong Kong,
India,
Indonesia,
Iran,
Iraq,
Isola di Bouvet,
Isola di Natale,
Isola Heard e Isole McDonald,
Isole Cayman,
Isole Cocos,
Isole Cook,
Isole Falkland,
Isole Faroe,
Isole Marshall,
Isole Marianne Settentrionali,
Isole Minori degli Stati Uniti d'America,
Isola Norfolk,
Isole Solomon,
Isole Turks e Caicos,
Isole Vergini Americane,
Isole Vergini Britanniche,
Israele,
Islanda,
Italia,
Kazakhistan,
Kenya,
Kirghizistan,
Kiribati,
Kuwait,
Laos,
Lettonia,
Lesotho,
Libano,
Liberia,
Libia,
Liechtenstein,
Lituania,
Lussemburgo,
Macao,
Macedonia,
Madagascar,
Malawi,
Maldive,
Malesia,
Mali,
Malta,
Marocco,
Martinica,
Mauritania,
Maurizius,
Mayotte,
Messico,
Moldavia,
Monaco,
Mongolia,
Montserrat,
Mozambico,
Myanmar,
Namibia,
Nauru,
Nepal,
Nicaragua,
Niger,
Nigeria,
Niue,
Norvegia,
Nuova Caledonia,
Nuova Zelanda,
Oman,
Paesi Bassi,
Pakistan,
Palau,
Panama,
Papua Nuova Guinea,
Paraguay,
Peru,
Pitcairn,
Polinesia Francese,
Polonia,
Portogallo,
Porto Rico,
Qatar,
Regno Unito,
Repubblica Ceca,
Repubblica Centroafricana,
Repubblica del Congo,
Repubblica Democratica del Congo,
Repubblica Dominicana,
Reunion,
Romania,
Ruanda,
Sahara Occidentale,
Saint Kitts e Nevis,
Saint Pierre e Miquelon,
Saint Vincent e Grenadine,
Samoa,
Samoa Americane,
San Marino,
Sant'Elena,
Santa Lucia,
Sao Tome e Principe,
Senegal,
Kosovo,
Seychelles,
Sierra Leone,
Singapore,
Siria,
Slovacchia,
Slovenia,
Somalia,
Spagna,
Sri Lanka,
Stati Federati della Micronesia,
Stati Uniti d'America,
Sud Africa,
Sud Georgia e Isole Sandwich,
Sudan,
Suriname,
Svalbard e Jan Mayen,
Svezia,
Svizzera,
Swaziland,
Tagikistan,
Tailandia,
Taiwan,
Tanzania,
Territori Britannici dell'Oceano Indiano,
Territori Francesi del Sud,
Territori Palestinesi Occupati,
Timor Est,
Togo,
Tokelau,
Tonga,
Trinidad e Tobago,
Tunisia,
Turchia,
Turkmenistan,
Tuvalu,
Ucraina,
Uganda,
Ungheria,
Uruguay,
Uzbekistan,
Vanuatu,
Venezuela,
Vietnam,
Wallis e Futuna,
Yemen,
Zambia,
Zimbabwe,
Serbia,
Montenegro,
Timor Est,
Guernsey,
